product_id,title,description
2522833868115316,2 Beds 2 Baths - Apartment,"MOVE IN TODAY FOR FREE MARCH RENT AND WIN A TV 📺!!!

We offer 2 bed 2 baths & 3 bed 2 bath!
Beautiful renovated apartment located in the Heart of Orem! ✨

AS LOW AS $1399!!! 
Plus Utilities

https://www.villageparkapartments.com/

Call to schedule a tour (801)-226-0064
OR stop by the office!
1080 N State Street, Orem, Utah, 84057

***Hablamos Español***"
872566835602032,2 Beds 1 Bath - House,"Cutest house available for spring/summer - might be able to renew for fall! Girl’s housing.

2 blocks from BYU campus (south campus)

2 spots available in a shared room - one of us is getting married and one of us is leaving for an internship, but we love the place!!! 

There are two other roommates who are very sweet! 

Utilities are fixed at $50 per month. 

Ward is amazing - lots of fun people and activities! 

Flexible availability in April/May! 

Parking available behind the house.

Laundry room shared with the basement unit. 

Lmk if you want a tour!"
2808485576016354,2 Beds 1 Bath Apartment,Selling a shared apartment at King Henry Apartments. April 21st - August 14th! 4 girls total in this apartment. Price is $559 + utilities. Option to renew for next lease term August 2026-2027 if you buy it now. Lots of amenities and close to BYU w/ a free shuttle. BYU contracted so you need to be a BYU student. Message me for more details!
1559859401951041,1 Bed 2 Baths Apartment,"$100 off!! Liberty Square Spring/Summer Contract for sale!

This complex is awesome! Super social, extremely close to school and lots of amenities. Pool, hot tub, gym, lounge, laundry and over or underground parking. The ward and neighbors are amazing. 

6 person apartment with shared rooms/bathrooms, lots of space with huge included TV and kitchen. Completely furnished.

First month free and reduced rent. Let me know if you have any questions!

Available April 22nd until August 7th."
1326082888709081,1 Bed 1 Bath Apartment,"Secondary bedroom for Rent!

I am looking for a responsible, friendly roommate. The room is Available by 02/01/2026. The rent is $700/month including utilities. A $1,000 security deposit is required (refundable after moving out if the property is not damaged and remains clean). 

*Background check required.
*6 month - 1+ year lease desirable.
*A lease agreement will be assigned after approval."
1451474613297267,1 Bed 1 Bath Apartment,"Rented to Women. This is a private bedroom with a bathroom (shared between two tenants). Selling my daughter's contract for Spring/Summer semesters, as she is graduating and moving. Available May, June, July & August. Contract available for next year as well (if want to stay for next school year). Available move in end of April after winter semester ends. Rent $575/month plus shared utilities about $45/month. Internet included. Includes reserved parking spot. Clean. Nice roommates. Great location. Buses stop regularly. Property management company is awesome to work with!

Belmont Condos- rented to women, nestled along Provo's east bench, near Seven Peaks Waterpark. Belmont Condos offers a comfortable yet fun housing experience. With spacious private rooms, with a washer/dryer in each unit. Enjoy the pool, clubhouse, hot tub, gym, and view of the mountains."
1419593106433682,2 Beds 1 Bath - Apartment,"The perfect two bedroom condo! There is no better location in Orem or Provo to have a condo. Park Avenue is awesome. Great for young families and also potentially students. It is beautifully landscaped with lots of grass to play, a swimming pool, and a club house.  Located in an end unit on the first floor for easy access. Includes all appliances, except washer and dryer.  ￼Storage unit with adjacent parking spot. ￼ RV parking and small park for kids.  Plenty of parking for guests!  No pets."
3390882477733823,2 Beds 2 Baths - Apartment,"UVU walking distance!! Getting married and Selling my lease at Wolverine Crossing in Orem

I Will pay you $150 for each month’s rent🎉 

available NOW till July 23, 2026

2 Beds 2 Baths shared room

Great Gym!! Laundry in building.

- shared room, $488 rent 
- utilities, insurance, parking pass not included 
- overall, $640 each month, but I’ll pay you $150 to take my lease🙏

if you renew the lease, rewards such as an iPad or AirPods 

Great ward!!!"
2323075244853954,Private Room For Rent,"[FOR SALE] Spring-Summer Contract: PRIVATE ROOM @ Spyglas Court (BYU approved), Prime Location: Directly across from the BYU Life Science Building! 

Looking for someone to take over my contract from May to August. This is a great spot if you want to be close to campus and have your own space.
The Numbers:
Rent: $468.75
Internet: $10/month (1GB Google Fiber)
Utilities: ~$15–$20/month (Gas/Electric average)
Parking: $40/month for a permit (Optional)
The Perks:
Private Bedroom: Spacious bedroom with a large desk and a closet.
Personal Pantry
High-Speed Tech: 1GB Google Fiber
In-Unit Laundry: Washer and dryer are right in the apartment.
Shared Bath: Only 2 people per bathroom, plus a personal sink
Parking Info: The complex has both covered and uncovered parking available for $40/month. However, since it's summer, there is plenty of free street parking nearby, so a permit isn't strictly necessary!
Address: 737 N 600 E (Apt 201). Literally a 2-minute walk to the south end of campus.
DM me for more info or to schedule a walkthrough!"
1250188363736296,3 Beds 2 Baths - Apartment,"3 Beds 2 Baths - Apartment

Women's BYU off-campus contracted shared room available for Spring/Summer!

@ Centennial Apartments

$440 rent + $70 utilities

Amenities include: 
-Extra Storage
-Dishwasher
-OnSite Swimming Pool
-Year-Round Spa
-Parking available 
-Recreation Room
-Central Heating & Air
-Balconies or patios in Each Unit
-On-Site Laundry
-20 Minute Walk to BYU
-Access to BYU Shuttle and The Ryde, -BBQ Area and Fire Pit
-Awesome Resident Activities

There are 5 other great girls in this apartment! My experience has been great, I am only moving out because I will be going home for the summer!

Message me with any questions!"
1436568281372680,2 Beds 1 Bath Apartment,"Contract for Sale — Available ASAP

Unit available March 2, but can be sold in April too.

Contract Period:
Ends on August 14, 2026
With the option to renew for a full year.

Rent:
$1,350/month + utilities
Total cost: $1,450–$1,500/month after utilities.

Utilities:
• $20 (Water, Sewer, Trash)
• Gas & Electricity (~$100 or less)
• $18 Tenant Liability Waiver Program

Apartment Details & Amenities:
• 2 bed / 1 bath apartment on 2nd floor
• 704 sq ft
• 2 blocks south of BYU
• Dishwasher and microwave
• All stainless steel appliances
• In-unit washer/dryer
• Double-sink vanity
• Two assigned garage parking spots (included with no extra cost)
• Plenty of storage in the apartment
• Assigned storage unit in parking garage (included)

**No pets allowed**

Message me if you have any questions!"
1403752491140336,2 Beds 2.5 Baths - Apartment,"Selling ASAP!! Will pay for March and April rent!
Men’s Apartment, 2 blocks south of BYU campus

I’m getting married in May, so I would love to sell this as soon as possible. Message me if you're interested! 

Available now!!

I am selling my contract for an Adams 4 floor plan at Liberty Square. This layout is incredibly spacious and my roommates are amazing!

The Space
* 2 full bathrooms on the second floor (one for each bedroom upstairs) plus a half-bath downstairs for guests.
* includes a large kitchen, walk-in pantry, and a huge living room perfect for hosting friends
* The unit is newly remodeled with modern paint, new flooring, and sleek black appliances.

Apartment Highlights
* ✨ Fully Furnished
* 🚀 Gigabit Internet & Google Fiber Ready
* 📺 New Flat Screen TVs Included
* 🍳 Large Kitchen with Dishwasher & Disposal
* 🛋️ Open Concept Living Area
* 🤝Super Chill Roommates

Community Perks
You’ll have access to some of the best amenities in the area:
* Relax: Swimming pool, brand new hot tub, and a gorgeous firepit.
* Play: Indoor basketball court, outdoor sport court, arcade table, pool, and ping pong.
* Work/Gym: 24-hour fitness center, computer lab, and clubhouse with an 80"" TV.
* Ease: Smart laundry facility, covered parking, and professional management.
* Church: Such a fun ward and awesome activities all summer!

Location: Liberty Square, Adams 4 
Price: $500/month"
1211489253831345,6 Beds 3 Baths - Apartment,"BEST PRICE IN COLLEGE PLACE
MY LOSS IS YOUR GAIN!

6 Beds 3 Baths - Apartment

737 N 900 E, Provo, UT [hidden information], United States

Selling College Place Contract – Most Popular Floor Plan!
Hey everyone! I’m selling my contract for a 6x3 at College Place in Provo, and honestly, this place has been amazing — I just need someone to take over my spot!
✨ Why You’ll Love It:
• $500/month – an awesome price for everything you get (Normally $730/month)
• Most popular and largest floor plan at College Place
• Comes with 2 fridges (total game-changer for having enough space!)
• Super clean apartment with awesome roommates
• Tons of space and storage — perfect for college living
💪 Amenities That Make It Stand Out:
• Full gym, so you don’t need a separate gym membership
• Hot tub for relaxing after a long day
• Amazing staff and management who actually care
• Great social scene and ward — seriously, the community here is top-notch
📍 Prime Location:
• Super close to campus, food spots, and everything you need
• Easy parking and super walkable area
If you’re looking for a clean, social, and convenient place to live, this is it. Message me for more details or to come check it out — this contract won’t last long!"
1649698982867446,Private Room For Rent,"Private, single male room/contract available for Fall/Winter 2026/2027. Across the street south of BYU and next door to UVX bus. The location is ideal! The apartment is clean and you will share the apartment with 2 great roommates! Washer/dryer in apartment."
4077640929155605,3 Beds 2 Baths - Apartment,"Men's Shared Room for Rent!
 $378/month (that includes utilities) 

I’m leaving on a mission 
• February & March rent already PAID - Over $1,000 in savings up front

Move in immediately 

• Liberty Square – Virginia 5 building
BYU/UVU student housing 

-  5 min walk to BYU
-  Next to UVX stop
-  Gym + laundry + parking garage
-  Great ward & roommates (seriously, such a great group of guys) 

• $504/month rent (~$615 with utilities) 
Factoring in already paid months rent is equivalent to $378 a month 

• Contract through Aug 7, 2026 (renewable)"
1317237666804485,2 Beds 1 Bath - Apartment,"LEASE TAKEOVER – Available March 1st – Orem Joseph Thomas Paradise Complex

MARCH RENT IS PAID
1 MONTH FREE RENT IN MARCH

Looking for someone to take over our lease starting March 1st. The contract runs through July 27th, with the option to renew. Clean, well-maintained unit managed by Joseph Thomas Real Estate.

We’ve loved living here! Only moving cause our family is growing. This place is great for singles and or young families!🏠

FINANCIALS:
• Rent: $1,295/month
• Deposit: $950 (Refundable) + $150 (Non-refundable initiation fee)
• Utilities: Tenant responsible (billed through portal/utility co) averages $80/month
• Application Fee: Paid directly to management

REQUIREMENTS (Non-Negotiable per Management):
• Credit Score: 650 minimum
• Income: 3x monthly rent ($3,885/mo) combined total
• In-Person Tour: Management requires you to see the unit in person before applying.
• Process: Must complete an online application + a brief questionnaire at the JTRE office (39 W 300 N, Provo).

LOCATION/AMENITIES:
* 2 streets from State Street, close to main road through Orem
* Stove, fridge, and dishwasher included
* 1 covered parking spot, 1 uncovered parking spot included, so much available parking for visitors and tenants
* Carport storage included at no additional cost
*Pets allowed 
* Washer/ Dryer Hook ups
* 5 minutes from UVU
* Easy access to multiple freeway entrances/exits

TOURS:
We are looking to move quickly. Message me with questions or to schedule an in-person tour!
[hidden information]"
1780597522628657,1 Bed 1 Bath - Apartment,"1 Bed 1 Bath - Apartment

https://www.zillow.com/homedetails/236-W-400-S-American-Fork-UT-84003/241990024_zpid/

Brand New! 1-Bedroom Basement Suite with Private Entrance

Unfurnished and move-in ready! This newly built 1-bedroom, 1-bathroom basement apartment features a full kitchen with brand new appliances, in-unit washer and dryer, open-concept living and dining area, and a private separate entrance.

Features Include:
1 bedroom
1 full bathroom
Full kitchen with brand new, stainless steel appliances (stove, oven, refrigerator, dishwasher and microwave)
In-unit washer and dryer
Private basement entrance

Ideal Location:
- Minutes from the I15 freeway, Target, Costco, Walmart & various dining/shopping options
- Walking distance to the American Fork Station
- Quiet, safe, and family-friendly residential neighborhood

Rent is $1300 /month plus split shared utilities. Expected utilities is roughly $150. 

Utilities: Split shared utilities for water, gas, electricity. Internet provided. 

Looking for a 12-month commitment, but flexible for the right tenant.

1st month's rent + security deposit ($1300) due upon signing.

No smoking. No pets. 

Background/credit check, proof of income required."
1227066268928559,2 Beds 2 Baths - Apartment,"LIBERTY SQUARE
SELLING MENS LEASE ASAP!! I’ll pay $200/mo towards the first three months of rent upfront!
I’m getting married so you will be able to move in as soon as needed. This apartment is awesome, super spacious, with tons of amenities. So sad to be leaving these roommates, they are awesome! Super respectful, social and clean. 

Amenities include:
- Walk in closet
- Massive TV
- Gym
- Laundry
- Pool
- Hot tub
- Rec room w pool table, piano, etc.
- Good storage space
- and more!

lmk if you are interested!!"
2036768847111106,3 Beds 2 Baths - Apartment,"FIRST MONTH FREE!
Stonebridge 2 apartments, downtown Provo only 1.5 miles from BYU. Selling single per bed contract for a shared bedroom. Unit includes two shared and one private room. Two bathrooms. Walking distance to many restaurants and the library. Nice walking neighborhood. Roommates are very nice and thoughtful. Currently there is no roommate in this shared room so for now it is private or a friend can buy the other contract! Free covered and uncovered parking right behind apartments. Laundry in unit is very convenient. What I liked the most in the apartment is the open living room and great counter space in the bathroom. This unit is on the bottom floor for easy access and no stairs.  Move in as early as end of January. Please message for more details"
2367167547039027,3 Beds 2 Baths - Apartment,"3 Beds 2 Baths - Apartment

1565 N University Ave, Provo, UT [hidden information], United States

Selling my shared female apartment contract at Glenwood!! Move in as soon as April 1st!! Rent is $490/month plus utilities. Roommates are super fun and social + the ward is amazing!! Glenwood is a great place for meeting people!! It’s just a 15min walk to BYU campus and a 15min drive to UVU campus. Seriously is such a nice place to live!! DM me if you’re interested!!"
2490102831449646,$500 off of Move In before 3/15/2026,"🏡 1-Bedroom Apartment Available before 3/15! 
Move into Rivulet Apartments! 

✨ Modern finishes | 📲 Smart home tech | 🐾 Pet-friendly | 🌅 Private patio/balcony

Community perks: 🏊 Pool & spa | 💪 24/7 fitness center | 🏀 Sports courts | 🌳 BBQ areas

Apply now at rivuletisyourhome.com

📲 Message for details on this limited offer"
25471224689214566,3 Beds 3 Baths - Apartment,"**DISCOUNT** Save $1000!! 
I got offered a job back home and need to sell my contract ASAP. I will give $1000 to who ever takes over my lease at Wolverine Crossing. You can move in today! January rent is also covered 

I am unfortunately selling my lease because I was offered a job in another city and I am so sad to leave!￼
This is a shared bedroom and bathroom, but it’s the master so it’s bigger. You’ll only share the bathroom with one other person. There’s laundry in the building and parking is great."
684706067664205,1 Bed 2 Baths Apartment,"Park City, Utah- Jan 17th- Jan 21th- (Martin Luther King Weekend) 
 Four Nights-One Bedroom/Two Bath Condo in Park Plaza Resort
Martin Luther King Week - Jan 17th – Jan 21th at the Park Plaza Ski Resort, a Premier Resort in Park City, Utah.
The Park Plaza Resort is a family friendly all-suite condo resort located in the center of Park City, Utah in Prospector Square just minutes from all three ski areas, Deer Valley, Park City and The Canyons. Restaurants, Shopping, and the Liquor Store are walkable. The resort has a courtesy shuttle service throughout town and to the ski resorts. The one-bedroom suite is extremely spacious, with two full bathrooms, a fully equipped kitchen and a dining area with a table that seats six. The unit is perfect for a getaway or family vacation.
Resort Amenities: Park Plaza is Park City's #1""Premier"" family friendly resort! The Park Plaza features a sauna, fitness room, family recreational game room complete with an extra-large flat screen for movies, two smaller flat screens for gaming (Wii and Xbox), boardgames and popcorn machines. The indoor spa has been completely renovated. The rental includes full use of The Silver Mountain Spa located down the street. 
There are numerous sitting areas throughout the resort, a ping pong table, an outdoor barbeque area. Parking is underground and heated, plus there are heated ski lockers on the main floor. Park Plaza offers a 24-hourfront desk. Across the street are excellent restaurants: Fuego Bistro and Pizzeria, The Grub Steak Restaurant and a great Mexican restaurant, Nacho Mama.
Accommodations: Park Plaza's spacious rooms are comfortably furnished condo rentals and feature full sized kitchen in the one-bedroom. The Master bedroom has a king size bed and private bath. The living room has a queen size sofa bed with full bath. All the condos come with a fireplace and full balcony with complementary Wi-fi. Starter kits for coffee, tea, hot chocolate, and popcorn are placed in the kitchen as well.
Check out the Park Plaza atwww.latourhotelsandresorts.com for additional pictures and information.
The condo is being offered for $600 for 4 nights including all taxes. This is $2,000 less than if you booked the same condo directly with the resort if rooms were available.
Upon payment, buyer will receive a ""Guest Confirmation"" in their name from the resort.
Please do not hesitate to contact me if you have any questions.
Thanks,
Allen"
1608083743627850,4 Beds 2 Baths Apartment,"Hi!!
FEMALE VILLAGE APARTMENT
I'm selling my apartment contract at The Village at South Campus, and honestly this place has been amazing!! I’m only leaving because I'm heading abroad this summer!

Available: April – August 14, 2026
✨ Option to renew for Fall if you love it and want to stay longer!
✨ April rent is already paid, so you'll get those extra days completely free!

Rent: $490/month + utilities (DISCOUNTED)

About the Apartment:
This is seriously such a great setup!
— Private room just for you
— In-unit laundry (no more laundromat runs!)
— Fully furnished with tons of kitchen cabinets and a balcony
— 10-minute walk to BYU campus (makes getting to class super easy)
— Valet trash service, leave your trash outside your door and they pick it up for you (no long walks to the dumpster!)
— WiFi and TV included

Community & Ward:
I absolutely love the ward here! Everyone is so friendly and welcoming it's one of those places where it's genuinely easy to make friends. They always have fun FHE’s too! The Village also puts on fun events throughout the year, and they're free for residents! 

Amenities:
— Pool & hot tub
— Gym
— Pickleball courts
— Games loft area
— Amazon lockers
— Underground parking

My roommate and I are both going abroad, so if you want to move in with a friend let us know to get both of our contracts! 

Message me if you're interested or want more info and photos! I'm happy to answer any questions🤍"
463611216356531,2 Beds 1 Bath Apartment,"***NEWLY RENOVATED*** This upstairs apartment has been upgraded and renovated to add great features including, new flooring, freshly painted cabinets, new closet doors, new toilet, new disposal and so much more!  The water bill is included in the rent, the electricity and gas are paid by the tenant each month. There are two uncovered parking spots for each apartment. This unit is an upstairs apartment in a 4-plex and has a nice shared grassy yard. Unfortunately no pets are allowed on the property. There are hook ups for a washer and electric dryer, however they are not provided. This apartment is ready to rent March 1st!

Please message me with any further questions!

(Please message/call/text for showing availability) 

Check out this link for more listing details! 

https://listings1059543.tenantcloud.com/listings/163249"
1616660119361841,1 Bed 1 Bath - Apartment,"$750 cash for anyone who takes over our studio apartment lease at the Freehand Apartments in Provo. It’s a clean, modern studio with an open layout! It comes with a TV, and dining table, and a queen sized bed frame. 

The complex has a gym, pingpong table, and a clubhouse with kitchen. It’s in a great spot—close to BYU, downtown Provo, restaurants, and public transportation. Perfect for newly married couples or students looking for a private space.

Rent is $1,100 per month. Utilities and other expenses are around $190. This includes internet. 

Message me if you want more details or to come see it."
2422003544908676,1 Bed 1 Bath - House,"Nice area one block from UVU, 1 bedroom, 1 bathroom, laundry, parking garage. Utilities included."
1234038011832134,1 Bed 1 Bath - Apartment,"Private bedroom private bathroom, washer and dryer in unit!! Over 70 amenities on site and walking distance to Utah Valley University. Have loved living here but I am moving states for school and I need to sell my contract! 💥I’ll cover February and march rent!💥
Age frame 18-30! 

Hablo español:)"
1648954339893126,2 Beds 2 Baths - Apartment,"My daughter has a lease at The Green on Campus Drive in a freshman 2 bedroom 2 bathroom unit. It is a shared bedroom with an attached shared bathroom. She has loved living there and has the best roommates. Due to personal reasons, she needs to sell the remainder of her lease available immediately through May. We will pay the transfer fee and all of the utilities for the remainder of the lease, plus February is already paid!! This would be great for someone commuting down there currently that wants a few months of the campus living experience! The Green is a fun social place to live with great amenities! Let me know if you. have any questions!

Rent is $570
Contract ends in May so no need to pay for summer not living there!

Lots if free, covered parking. 
Washer and Dryer in the unit."
2149967599146114,Studio Apartment at the Freehand,"- Studio Apartment available at the freehand April 1! 
- Base rent is $1,095 + utilities - we usually end up paying a little less then $1200
- great location right across the street from BYU! it’s right in between the 2 swigs on N Canyon Road
- newly renovated apartments (we were the first ones to live here i believe)
- Lease runs until August 15 with the option to renew for up to 12 months
- in apartment features include:
Smart TV
convection oven
garbage disposal
partially furnished - bed frame, chairs and table included
SO much cabinet space/ and closet space
- Community features include:
on site laundry facilities
apartment gym (super nice for an apartment gym)
study rooms
common room
- option to rent extra storage closets if needed
- plenty of parking

We have really liked living here! We just need it sold so we are able to head back home (Minnesota) for part of the Summer.

for more pictures/ amenities- https://thefreehandprovo.com/?gad_source=1&gad_campaignid=21345669966&gclid=Cj0KCQiA49XMBhDRARIsAOOKJHbNn-kBP-zRDmp3b2IH7woyNSUk_orpemtHdG-WT_7aIB8qiPqDPpAaAgvSEALw_wcB"
4930738697212501,2 Beds 2 Baths Apartment,"DISCOUNTED SPRING/SUMMER CONTRACT at Melbourne Square!

TWO SPOTS available in a shared bedroom! Move in with a friend!

$305 Monthly rent (usually $405!)
$65 Utilities

Address: 460 N 100 E Provo, UT

- 15 minute walk to campus
- Newly renovated
- Free, covered parking
- Study room
- Two Fridges
- Balcony/patio
- Coin-operated laundry downstairs
- Right next to the library
- Not BYU Contracted

The windows have GREAT views of the mountains! Management has been chill and easy to communicate with. No complaints. Ready for move in mid-late April.
Message me with any questions!"
1454781632989265,3 Beds 1 Bath - Apartment,"3 Bedroom Basement Duplex for Rent – Springville
Clean and move-in ready 3 bedroom, 1 bathroom basement duplex located in a great area of Springville. Conveniently close to shopping, schools, parks, and other local amenities.
Features include:
 • Brand new carpet
 • Spacious pantry
 • Washer/dryer hookups
 • 3 comfortable bedrooms
 • 1 full bathroom
Available immediately! This well-maintained home offers a cozy layout in a quiet neighborhood with easy access to everything you need. 
NO PETS
Message for more details or to schedule a showing!"
1996280864569793,1 Bed 1 Bath - Apartment,"1 Bed 1 Bath - Apartment

375 W 1720 N, Provo, UT 84604-6419, United States

I’m selling my contract at the Branbury (375 W 1720 N Provo UT 84604) and it’s available as soon as someone wants it (preferably March 1st but if you’d like to move in earlier february is already paid for so you can just move your stuff over). It’s 490 a month + utilities so I usually end up paying around 530. It’s a two bedroom two bathroom with 4 girls total but me and my roommate are both leaving so there’s a room with two beds available. It’s right next to BYU and UVU and it’s a super social and fun place to be with a pool, gym, volleyball court, pickleball court, basketball court, and more! message me if you’re interested!"
1240866488088557,3 Beds 2 Baths Apartment,"Contract for Sale — Private Room in Provo!

Available now* — $575 base rent (usually under $650 total w/ utilities)

*I’m hoping to sell now, but my move-out date is a little flexible
________________

Looking for someone to take over my private room contract in a 3-bedroom apartment near the Provo Walmart Neighborhood Market.

Super convenient location right off State Street — close to stores, Carterville Park, and local favorites. Perfect for commuting!

* * The contract runs now — August 2026, with the option to renew * *

________________

WHAT YOU GET:

- Private bedroom (furnished w/ bed, desk + chair, nightstand)
- Shared kitchen, bathroom, and living room (w/ super comfy couches!)
- A designated, uncovered parking stall
- In-unit laundry
- Dishwasher
- Google Fiber (billed w/ utilities)
- Only one other roommate right now (the apartment normally houses 3) — she’s hilarious, super chill, kind, and respectful
- Quiet, tucked-away community with friendly neighbors
- Great for students (easy access to BYU & UVU) or working professionals who want quick access to everything

* There may also be a second spot open if you want to move in with a friend — I'm happy to find out for you! *

________________

     * * Message me for a tour or more details! * * 

(Photos from management's website.)"
832393869794065,2 Beds 2 Baths - Apartment,"FIRST MONTH FREE!!

URGENT LEASE TAKEOVER!! February FREE!! This is one of the most popular UVU housing spots — close to campus, great amenities, and super social.

🛏 About the Apartment
 • Shared room + bathroom with one roommate (he’s very chill)
 • In a 4-man unit (other room has 2 guys)
 • Fully furnished
 • Clean, friendly roommates
 • Lease runs January —> mid-July

🏡 Amenities
 • Free on-site parking
 • Huge gym
 • In-unit washer & dryer
 • Pool + hot tub
 • Pickleball courts
 • Great clubhouse / study spaces
 • Close walk to UVU + bus stops

It’s ready for move in right now and I’m offering the month of February for free!!"
1085260359468072,1 Bed 1 Bath Apartment,"My wife and I are looking for a new tenant for our awesome little apartment in our house in Heber City. Utilities and internet included. 30 minutes to Provo or Park City, 45 to SLC. 

Private entrance, laundry in unit, fully furnished, recently re-tiled shower (to add shelves and shaving step), and dedicated parking space. Great new neighborhood with walking trail and park. Perfect for a student, professional, or retiree. 

Availability starts February 10, 2026

No smoking or pets, questions welcome."
4183261535260731,3 Beds 2 Baths - Apartment,"Centennial Apartments (Provo, UT)

Lease Takeover for Spring/Summer 2026

I’m looking for someone to take over my lease at Centennial Apartments. It’s very affordable ($440 for rent + $50 for utilities per month) 

❗️I’m willing to cover the first month of rent!❗️

Apartment Amenities👇🏼
- 5 minute drive or bike ride from campus (20 minute walk)
- great roommates!!!
- has a great ward family who are all so kind and accepting! Message me if you have questions about this one and I’ll give you all the details :)
- Pool & Hot tub
- Barbecue / fire pit area
- Balcony
- Basketball court & game room
- On-site laundry and property management

Lease takeover is available for the Spring semester which begins on April 28th. Message me with any questions or if you’d like an in-person or virtual tour."
737067049459275,2 Beds 1 Bath Apartment,"BYU Girls' Spring & Summer Lease Housing!!! 
Liberty on Freedom!! Trying to sell ASAP

$455/month + utilities
Available for April 1st-August (Willing to negotiate if needed earlier)
Shared bedroom 
10-minute walk to campus
Fully furnished & newly renovated
Gym, pool, and hot tub included
Great roommates & friendly environment
(Some roommates might be selling their lease around the same time as well. Message me if you want to room with a friend!)

Message me for details or a video tour of my personal apartment!"
1450654756731967,2 Beds 1 Bath - Apartment,"2 Beds 1 Bath - Apartment

Women’s Housing 
RENEWABLE FOR FALL, available starting May 2026
Flat rate utilities included in rent price
In Unit Washer and Dryer, and RIGHT by BYU campus 
Only 2 other roommates- HUGE shared room. 
Send me a DM if you have any questions !"
1903111930241442,1 Bed 1 Bath - Apartment,"1 bed/1 bath apartment for rent. One street away from the engineering building, south BYU campus. Very conveniently located for married couples and the ward is amazing. 2 very large closets for storage. 

Utilities not included in the rent. W, S, T are $20 and electricity/gas is based on usage. This is a lease takeover so please reach out to me to tour. Apply directly with Legend Real Estate and mention my name. Available December 31st."
1314939687167177,Private room for rent,"Men’s contact for sale 
Private room
Current lease ends mid august, but is available for renewal!
Dm me for details!"
946389834632383,4 Beds 2 Baths - Apartment,"4 Beds 2 Baths - Apartment

The Village at South Campus, 602 E 600 N, Provo, UT [hidden information], United States

FEMALE VILLAGE APARTMENT
I'm selling my apartment contract at The Village at South Campus, and honestly this place has been so great to live at!! I’m only leaving because I'm getting married in May! APRIL RENT IS PAID!

Available: April – August 14, 2026
💕 Option to renew for Fall if you love it and want to stay longer!

Rent: $500/month + utilities (DISCOUNTED)

About The Village:
— Private room!!!
— In-unit laundry(this is seriously a game changer)
— Fully furnished with tons of kitchen cabinets and a balcony
— 10-minute walk to BYU campus
— Valet trash service, leave your trash outside your door and they pick it up for you
— WiFi and TV included
— Amazon locker so your packages stay safe!
— Pool and hot tub! There is also tanning space!
— Building key safety!
— Guest parking for friends!

Community & Ward:
I absolutely love the ward here! Our bishop is amazing! He and his wife are the best! Everyone is so friendly and welcoming it's one of those places where it's genuinely SO EASY to make friends. They always have fun FHE’s too! The Village also puts on fun events throughout the year, and they're free for residents!"
693891326339661,1 Bed 1 Bath - Apartment,"Move in Special : 1 Month Free for January and Early February Move Ins.

University Village Apartment has some openings that are as early as tomorrow, we have multiple one bedrooms available starting at $1,180 per month. All units have a utility fee of $110 per month and that includes all utilities and a high speed internet connection. Feel free to reach out to me as I am the main point of contact, our office number is [hidden information] and our website is www.liveatstonecrest.com"
2780503002289286,1 Bed 1 Bath Apartment,"Womens spot available in a 1x1 shared apartment starting in April! Rent is $545 per month with $70 in utilities (per person). Covered and  uncovered parking available, washer and dryer in the apartment, and just a block south of campus! Super spacious apartment. Also available to renew for fall. Let us know if you are interested! https://cornerstoneprovo.prospectportal.com/ 

Message us if you have any questions!"
1282088917242020,Private room for rent,"$425  Woman Private Room | 1 MIN WALK TO UVU!🏃‍♂️
 
Have a friend to move in? No problem was another room in the apartment 😃

Rent: $425 + $74 fixed utilities ($499 total).
Start: NOW or April
Lease: Ends May 18 (Option to renew).

* Not student - contracted (anyone can apply)
* No age limit 
🐾 Service animals are welcome 
* Parking: FREE included.
* Pool and Hot tub

Message me!"
1822584401758233,2 Beds 1 Bath Apartment,"Live two blocks from BYU campus for $425 a month! 

I'm selling my contract at The Brittany starting mid April! (April rent will be paid for!) Its $425 a month plus utilities (which are anywhere from $50-65) The contract goes until August with the option to renew. 

I have LOVED living here. I'm only moving out to go live with some close friends. The ward is truly one of the best you can find in South campus. The location is unbeatable, only two blocks from campus and a couple blocks away from both UVX and UTA stops so if you don't have a car, no problem. The apartment is quaint and homey and has a surprising amount of storage. Rent includes access to a pool, rec room, and washer/dryers. My room roommate is moving out in the spring and my other two roommates will be moving out in the fall so there will be space for four people if you're looking for a great place for a group! 

Let me know if you have any questions or want a tour!"
1426612105634809,3 Beds 2 Baths - Apartment,"3 Beds 2 Baths - Apartment

Belmont Pl, Provo, UT 84606, United States

Beautiful shared space in a master bedroom! Available June 1st! This apartment has the most light I’ve seen in any space in Provo! 
There are 5 windows in the shared space alone! My roommates and the ward have been ABSOLUTELY amazing! Only leaving because I’m getting married! 
This apartment has two private rooms, and this available shared space!
There’s a decent sized walk in closet, in unit laundry and a huge kitchen with a lot of counter space! 
Utilities are about $25-$40 per month (depending on the season)
Honestly this place has been so great! Please message me if you are interested :)"
2225898584605833,2 Beds 1 Bath House,"2 spots available in May. Move in with a buddy!!
- Laundry machine and dryer
- Extra storage 
- Free bedframes(bunkbed comes with mattress)
- Willing to leave or take dressers(dark grey dressers not included)
- Driveway parking with lots of curbside parking
- Clean Roommates
- Nice landlord. Never hard to get a hold of.
- Walmart and restaurants down the street
- Nearby lots of young adult housing so theres always something going on

 If you'd like to move in sooner, let me know!"
854319287618485,2 Beds 2 Baths - Apartment,"Two person rooms, three existing roommates in apartment already. Lots of natural light, private bathroom shared with one other person with your own vanity. And close to campus and the UVU underground walkway!! In unit washer and dryer, as well as a flatscreen TV and a dishwasher. Apartment comes fully furnished."
26073282312329827,1 Bed 1 Bath - Apartment,Cute 1 bedroom basement apartment. Utilities included except power.
825571627208311,2 Beds 1 Bath - Apartment,"2 Beds 1 Bath - Apartment

Looking for a sweet deal on student housing near BYU? I’m selling my contract for a private room at The Isles apartments in Provo -- only 1 block from south campus!
This spot is basically your own 1-bedroom, 1-bath apartment since no one else is currently living in the unit. You have the whole place to yourself! The Isles is one of the most sought after apartments with, modern finishes and appliances, and awesome amenities like a pool, hot tub, and clubhouse with a basketball court. The ward is super active and does lots of fun activities. The social scene is also top notch.
Rent is only $675/month + utilities. They also have underground parking if a spot opens up. Contract available now through the end of summer (mid-August 2026), with the possibility of renewal for the next term!
DM me if interested for more info!📍 #BYUHousing #ProvoApartments #StudentLiving"
4302872139858336,2 Beds 1 Bath - Apartment,"Men’s housing at Liberty on Freedom
-5 min walk from campus 
-hot tub & pool 
- 4 person apartment 
- Large fridge 
-2 availabilities so bring a friend :)"
1298108065479686,2 Beds 1 Bath Apartment,"MALE Housing *Price is negotiable make me an offer

 I am getting married and looking to sell my contract at liberty on freedom. The contract is between now and August 2026.

Rent is posted at 450 but after utilities it comes to 518. Then there is an option for a parking space for $50 per month. 

The apartment is a shared room. 2 Bedrooms and 1 bathroom. 

There is one bathroom
4 total people in this apartment. 
There is onsite laundry 
There is a pool and hot tub 
With a Gym and basketball court 
Very close to BYU campus

pls message me with any questions. Am Willing to negotiate pricing."
898975876419827,3 Beds 2 Baths - Apartment,"5 BEDSPACES AVAILABLE THIS SPRING/SUMMER (MAY—AUG)!

Have your choice this summer with who you want to live with! One of my roommates is staying to work this summer. She’s the nicest and most funniest person ever, great roommate!

• West Campus of BYU (10min walk to campus)
• 15min drive to UVU (with bus stop right outside of apartment complex)
• Amazing ward with the best bishop (Ross Baron)!
• Fully-furnished apartment (including couch, chairs, table, tv, 2 fridges, dishwasher, etc)
• Mailboxes and Amazon Locker in apartment building
• Very social and fun environment. Glenwood puts on a few social party events in the summer, normally music, activities, food, etc. This last week they rented out a trampoline park for us! You will not be bored. The clubhouse has tv’s, arcade, billiard room, pool, hot tub, volleyball court, outside grill, and indoor gym!
• On-site laundry facilities in each apartment unit. Used mobile H-Wash app to pay. 
• Parking permits are $35/month (they do not oversell passed so you’re guaranteed a parking space which is right outside the apartment)
• After utilities and communications fees, along with renter’s liability (optional) fee, total rent cost is $553/month

On a personal note, I’ve been living here for two years now and have loved it! Management is okay and will get back to you pretty quick. I’ve only had problems with them really during White glove (move-out) cleaning check because they charged me for a hard water stain in the bathroom I was assigned to clean that was permanently there before I moved in. So, I suggest making notes and sending in a maintenance request on things they could potentially charge you for when you move in just so it’s on record when you move out or wish to renew. Other than that cleaning checks are once a month and they’re easily passable. If you do your cleaning assignment you’ll be totally fine:)"
1661580011873225,2 Beds 1 Bath - Apartment,"Available immediately! Beautiful condo in a great south Springville location just off Main Street. Top floor unit with vaulted ceilings. Soothing gray colors, quartz counters, stainless kitchen appliances, washer and dryer provided. There is one reserved, covered parking spot for the condo and plenty of unreserved, uncovered parking. 

Available February 1, which means priority will be given to people who can move in promptly. If you don't intend to move until mid-March, please don't ask for a tour. :) 

Absolutely no pets or smoking/vaping. The building is a smoke-free property. Credit and background will be checked. We are willing to write a lease that ends in July or August (5-6 months) or to do a full-year lease. Equal housing opportunity, animals permitted as required by law. 

Tenants pay for electricity (there is no gas bill). The landlord pays the HOA fees which cover water, trash, and internet. You do have to provide your own router. There is no elevator in the building, so this unit is best for people who don't mind climbing stairs. 

We accept Zillow applications."
25844553828488185,1 Bed 1 Bath - Apartment,"4x4 apartment. Sharing with 3 roomates. Private room and bathroom. Trash Valet. Pool, tanning beds, gym and other amenities included. Selling lease but upon purchase you will be moved into an apartment of the same gender as yourself. 

Selling lease from now through July. March already paid for. Fees I will cover include: 
Renter's insurance $15
Boom Rent reporting $8.95
Communications Fee $20
Utilities $80
Trash Valet $6
Monthly Amenities $12

I am willing to pay the fees
Total Cost For you $620"
26160788306858771,1 Bed 1 Bath Apartment,"1 Bed 1 Bath Apartment

Tired of subpar housing?

Excellent private room for rent. Shared bathroom (with one other person). Fully remodeled inside and out. Two male roommates and you for the entire 1,616 sqft two-story apartment.

**Features:**

- Furnished common areas (kitchen, living room)
- Stainless steel appliances
- Free to use laundry
- Gorgeous mountain-facing view
- Small backyard area
- Free covered private parking spot
- Quiet neighborhood feel
- Easy access to Orem & Provo

**Rent is $625 per month** plus utilities (split between three tenants). Office desk included in room (may keep or donate).

Free tours & applications available upon request.

**Available for move-in immediately. Lease through August 2026.** No smoking and/or pets."
1882279249248007,2 Beds 2 Baths - Apartment,"Female private room and private bathroom
Lds standards, no pets. Available on May 1st."
777202604856759,Studio 1 Bath Apartment,"Walk to WSU!! Right across the street from campus!! Coin operated laundry on site!
No pets or smoking please. Security deposit amount is same as monthly rent. Call
or text Revolution Property Mgmt at [hidden information] today to arrange a showing!"
2018286462083565,3 Beds 2 Baths - Apartment,"3 Beds 2 Baths - Apartment

1565 N University Ave, Provo, UT [hidden information], United States

Glenwood spring and summer women’s contract available :)
I’m getting married in June, but my contract is available as soon as late April!

Comes with an onsite parking spot, pool, hot tub, sand volleyball, and one of the best YSA wards I’ve been in (seriously, you’d love it)

Willing to negotiate on monthly price, as of now it is $400 a month. 

(Plus my roommate is selling her contract. Perfect for a duo looking for a summer room together)"
1624149935491481,4 Beds 2 Baths - Apartment,"Shared female apartment in Provo! 1 block from BYU campus!
🌸4 bed, 2 bath
🌸Underground reserved parking spot $30
🌸In unit washer/dryer
🌸Looking to move with friends?? 3 Spaces available!
🌸Pool, hot tub, and the best people!
🌸Visitor parking available 
🌸Lots of storage and room to host"
1952508709478416,Private room for rent,"Shared male student room, right next to BYU campus. 

Rent is $315/month plus utilities, really fun and nice Roomates. I need to move home unexpectedly, so this is available now!"
4246650108956265,1 Bed 1 Bath Apartment,"MALE BYU SPRING/SUMMER CONTRACT

My fiance is trying to sell his spring/summer contract at Liberty square. It would be for a shared room, but there are only 2 of you in the whole apartment. 

$615 rent

Super friendly ward and a bunch of awesome amenities. I will list them below:

- Swimming pool + New Hot Tub
- Smart Laundry Facility
- Computer Lab
- Arcade Table
- 24-Hour Fitness Center
- 80″ TV
- Indoor & Outdoor Basketball Court
- Covered parking
- Pool & Ping Pong Table
- Firepit"
3869858576640068,2 Beds 2 Baths - Apartment,"FEMALE ROOM. Student housing.  2 Beds 2 Baths - Apartment.  My daughter needs to sell her lease. 

1270 W 1130 S, Orem, UT [hidden information], United States

**March rent has been paid!**

** The contract has already been renewed for the 2026-2027 school year, and starting August 2026 the rent goes down to $442 a month!**

This is a shared bedroom in a 2 bedroom, 2 bathroom aprtment.  The other 3 girls are very nice and easy to live with. 

Wolverine Crossing is Utah Valley’s premier student housing. We boast the largest amenities package in Utah which includes two resort style pools, two HUGE hot tubs, a professional grade fitness center (it’s AMAZING!!!), a sport court, professional sand volleyball court, and more. Utah Valley University students will find that the location is perfect, and the atmosphere is amazing. Our award-winning Resident Life program is unrivaled, with Resident Assistants on each floor. Games, activities and service projects are all part of the Wolverine Crossing experience. Don’t miss out on the chance to live at the best student housing complex in Orem!"
25591478993886282,1 Bed 1 Bath - Apartment,"I’m getting married, so I’m selling my contract for April-May 

It is a GIRL shared room apartment 
Rent 395
Utilities 55
Internet 10.20

It’s great place to live located south campus 
4min walking from UVX station 
5min to BYU
2min to Provo Library"
1269407251794854,4 Beds 2 Baths - Apartment,"4 Beds 2 Bath - Apartment 
Share room 
Im selling my contract !!
ATTENTION March and April  is FREE with a signed and accepted contract. ( you can renew in August if you want ) I need to sell it ASAP! The ward is AMAZING! 10 minutes walk to BYU campus and store super close! Untilities are around $60 ( if you want parking is $20 additional ) but you can park on the neighborhood !! Let me know if you have any questions💗

AMENITIES
Basketball and Volleyball Court
Lounge with 60″ LCD TV (with Sound Bar, DVD player, and NetFlix), Large Speakers with AUX Hookup, Pool Table, Ping Pong Table, and Piano
Pool with Large Outdoor Speakers with AUX Hookup
Sun Deck
Picnic Table Area with BBQs
2 On-Site Laundry Facilities With Coin And Card Operated Machines
Gig Internet
Fully Furnished
Flat Screen TV in Each Apartment"
1292930682942077,Private room for rent,"Selling for spring & summer! It is 1 block away from byu, about a 4 min walk to campus. Rent is $450 and with utilities it comes out to 500. Parking is on-site and FREE🤩 Roomate’s are amazing!! & the ward is a lot of fun!! I’ve lived here for 2 years now!!"
1321447826435330,2 Beds 1 Bath Apartment,"- 1 minute & 32 second walk from the Provo City Library
- 48 cubic feet of personal closet space + 6 personal drawers + space under the bed
- Free rec room and gym at housing office
- Close to BYU campus
- Funny roommate
- Lease is from August 2026 to 2027
- 2 bedroom 1 bathroom"
1284356120281056,2 Beds 1 Bath Apartment,"Apartment in King Henry - Clubhouse, pool, hot tub, gym and pickleball court. Plenty of parking spaces available.
Great ward, incredible social life: activities and sports, and much more. Plenty of space for storage.
Great roommates, free shuttle to BYU
Selling my contract in a shared room through August 14th
559 + utilities/month"
765972212513615,2 Beds 1 Bath - Apartment,"cute student apartment in the heather cove complex, just a 10 minute walk from campus! shared bedroom for rent

- 2 bedrooms (one private, one shared)
- 1 bathroom 
- in house washer and dryer 
- google fiber internet 
- kitchen with functional appliances 
- lots of storage/closet space 
- cute ward 
- move in ready

dm me for details/to tour!!"
799111243160098,2 Beds 2 Baths - Apartment,"2 private bedroom contracts available for Spring-Summer! Free rent for the month of April! 

Brandbury apartment complex; 

Amenities 
- General parking
- Building laundry
- Pool & Hot-tub
- Gym
- UVU/BYU shuttle 
- BYU approved 

Apartment
- 2nd floor 
- 4 bedrooms 
- 2 shared baths
- Balconies 
- Cleaning checks 

Payment 
- Base rent: $599
- Internet: $25
- Utilities: $58
- Parking: $18
- Insurance: $5.5
- Total: ~$705.50"
1706138737080500,3 Beds 2 Baths Apartment,"Women’s private master bedroom available May 1st! 
- 2 great roommates 
- Private bathroom
- In unit laundry 
- Walk in closet
- Covered underground parking
- Lots of storage
- Close to BYU"
885403201008505,2 bed 1 bath apartment just a few blocks south of BYU,"We have LOVED living here the past couple years ! We are looking to sell our lease as soon as possible. Message for more details 🙂



850 sq feet



$1250/month (+utilities)



plenty of parking space (parking included)"
1418881206537582,2 Beds 1 Bath - Apartment,"2 Beds 1 Bath - Apartment

130 E 700 N, Provo, UT [hidden information], United States

Shared room for rent!!

I’m selling my contract for spring/summer, so May to August!

Two of my other roommates are also moving out and so you can move in with friends!

This apartment complex is super close to BYU campus, only one block south of the ramp! 

Rent is $380, utilities are $50 and WiFi and electric is usually ~$30 a month before splitting between all four roommates! It’s definitely a steal in terms of pricing when you think about how close it is to campus!

Parking is done by lottery, it’s $75 for the whole semester and a guaranteed spot

2 shared bedrooms, 1 bath
On-site laundry ($1.25 a load so super cheap compared to a lot of other places!)
Fully furnished bedroom (bed frame, mattress, dresser, closet and shelves in the closet)
Kitchen appliances (dishwasher, oven, stove, microwave, fridge)
Super awesome ward that has many activities and chances to get to know people!

Message me if you’re interested!"
743393935319545,2 Beds 2.5 Baths - Apartment,"Liberty Square Apartments 

selling my contract for spring and summer! great complex, amazing ward, great management and maintenance. located just south of byu and 10 minutes away from uvu. very comfortable to live in (feels more like a house then apt.) shared room shared bath. 2 beds rooms and 2.5 baths. furnished and all the appliances and a brand new 75” tv. hot tub, pool, laundry mat, indoor and outdoor courts. club house. and full gym. underground parking garage and above ground parking lot."
900182143186589,2 Beds 2 Baths Apartment,"ROOMMATE FOR LEASE TAKEOVER ASAP

INCENTIVES
-Feb and March rent covered!
-$150 off of security deposit for anyone who signs before march!

I’m looking for someone to take over my lease. The lease runs through September 2026.
⸻
Room & Apartment Features
• Private bedroom
• Private bathroom
• In-unit laundry
• 4th-floor unit
• Great natural light and comfortable layout
• Secure, well-maintained building
⸻
Location
• South Provo
• 10-minute drive from BYU
• Close to Smith’s, Maverik, and public transit
• Safe, quiet neighborhood
⸻
Optional Furniture (For Sale)
If you’re looking for a furnished space, I’m selling items currently in the room, including:
• Mattress
• Bed frame
• Desk
• Other pieces available upon request
⸻
Send me a DM for:
• Monthly rent & utilities breakdown
• Additional photos
• Apartment tour (video or in-person)
• Move-in details"
1300053085500775,3 Beds 2 Baths - Apartment,Both bedspaces in the room are available!   Walking distance from BYU.  Shared room / men’s apartment.  Great place to live for a young single adult in Provo.  DM if interested!
1226431582277567,3 Beds 2 Baths - Apartment,"Selling my contract for may-august! Need to sold ASAP, I’ll give it to the first person to reach out. Awesome clean roommates and good social life. 

$460 per month plus utilities and parking

Features Include: 
Bedroom
- Beds & Dressers
- Large Closets
- Study Desks
Living Room
- Smart TV
- Couch & Love Seat
Kitchen
- 2 Refrigerators
- Dishwasher
- Disposal
- Microwave
Exterior Bathroom Vanity
High-Speed Internet
Covered Parking Available
Interior Hallways
Keyless Entry
Laundry Facilities

I've loved living here, I'm just getting married in May. Parking is actually really nice and the two fridges is a game changer. Management is super reasonable, they'll come fix stuff if it's not working and will be attentive if you have concerns. e"
1942651299931242,2 Beds 1 Bath Apartment,"FREE DEPOSIT for unit with new flooring!
Google fiber internet and plenty of parking.
Brand new flooring just installed. Convenient location next to waffle love on state street - Uta bus stop in front. Walmart just down the street. 
Looking for a 2 bedroom with an affordable rent price???  Check this one out -Ready to move in NOW!

$1199/mo for rent with Google Fiber Internet - $40 a month and already set up ready to go!

Welcome home to this 2 bedroom in a great location between Orem and Provo.  

Two bedroom apartment with amazing sunlight and big bedrooms. New LVT flooring being installed this week!  Centrally located between Provo and Orem. Right next to Waffle Love, close to stores and public UTA transportation right out front!

Pets allowed with a pet deposit and monthly pet fee.  Tenant pays for utilities used and monthly internet.  Laundry in building. 

Apply here! Choose Unit 61

www.grandviewmanorprovo.com
Price listed here will be offered as a special price when lease is created to sign."
3594994947330647,1 Bed 1 Bath - Apartment,"This apartment is available April 11th, and has the option to renew in August! We have loved it here, and we’re sure you will too! 

This is a 1 bed 1 bathroom apartment about 5 minutes away from BYU in a great ward. The video was taken when we were first moving in, so that gives you a better idea of the layout. 

Rent: $1235 ($1125+ internet and water)
Security Deposit: $1200

Amenities/perks:
-pet friendly 
-grill area
-dog run
-in building Landry facility
-gym
-close to BYU & UVU
-awesome ward/community
-on site management 
-mini market

(My wife also posted this so there should be 2 listing, contact either one of us)"
3000831526769494,Private room for rent,"Private room for rent

HIIIIIIIIII!! Selling my contract at the Village starting end of April!!! PRIVATE room along with 2 other spots available in our apartment !! Rent is $670/month but discounting to $400/month AND Apartment is on the first floor! DM for more information💙💗"
1442620357488668,4 Beds 2 Baths - Apartment,"One room in a four room apartment.  
I had to move for school and am unfortunately locked into the contract thru August.  I will pay for your first two months of rent.  I just need to get rid of the contract being that I’m not living there anymore.

No animals, a room for a man below the age of thirty"
912369278210420,4 Beds 2 Baths - Apartment,"THIS PRICE INCLUDES EVERYTHING!

If you have the budget to pay $700/month, Crestwood is a great option!

FULL TRANSPARENCY!

Monthly fees: $50 Utilities FLAT, $35 parking, $30 internet, $16 liability insurance, $8.95 credit reporting (can opt-out), $6 trash valet, and $3 pest control

Sign-up fees: $50 application fee, $199 admin fee, $400 refundable security deposit

Misc. fees: $25 one-time parking set-up fees, $15/month optional storage locker fee


APPLY NOW :)



https://thecrestwoodapartments.prospectportal.com/Apartments/module/application_authentication/is_application_snippet/1/snippet_type/application/locale_code//"
1219043936955020,1 Bed 1 Bath - Apartment,"1 Bed 1 Bath - Apartment

185 E 300 N, Provo, UT [hidden information], United States

Cute single private female room in an apartment with amazing roommates! The only reason I'm selling is because I got married! 
Rent is $535 plus utilities and fees. Contact me for more details! Available immediately."
663760353448783,3 Beds 2 Baths Apartment,Liberty Square Lease Available to takeover! Moving out and willing to split transfer charges!
1568574250854914,1 Bed 1 Bath - Apartment,"THE BRANBURY: $702/mo | FIRST MONTH RENT FREE | Secured until 2027 | Men's Shared Housing w/Private Room

**$702/month which includes parking **

Available  Now - August 2027 ☀️

Location: The Branbury Apartments

Top Amenities:

🏊 Pool & Year-round hot tub

🏐 Sand volleyball & basketball court

🏋️‍♂️ On-site fitness center

🚌 Features a Free BYU Shuttle to Campus

🔥 Fire pit & social atmosphere

DM me if youre interested!"
2253497558514351,4 Beds 2 Baths - Apartment,"OLD ACADEMY APARTMENTS

Utilities included in price!

Two rooms available for rent!!! Shared bathroom with two sinks! Modern unit with wheelchair accessibility.

5-10 minute walk to BYU campus. Super social and friendly ward! Close to everything."
927617526460412,Private room for rent,"6 individual year-round contracts available 10-minute walk to BYU campus. (The entire unit.)

Current tenants are female.

Beginning August 18th, 6 spots will become available (the entire unit). 6 shared contracts. 

Full vurtual property tour can be found at:
https://youtu.be/n59_itzKbuA

Details:

RENT
$450 per spot. 6 spots.

UTILITIES

Utilities will be split 6 ways every month depending on usage (usually $40-45 per person) and are in addition to the base rent shown above.

SECURITY DEPOSIT

Security deposit will be $500 per person.

Amenities:
- In-unit laundry
- Off street parking ($12.50 monthly)
- In-unit storage room (not shown in video)
- Fire ring
- Piano
- Big yard
- Fully furnished
- 2 refrigerators
- Private patio and garden"
1424757605946359,2 Beds 1 Bath - Apartment,"Wolverine crossing is the funnest place to live! I’ve made so many new friends and the living space is so nice! Me and my roomate are both selling our shared room, girls only lease, so if you and a friend want to move in to a joined bed+ bath, this is perfect for you!! we have the cutest roommates ever and are so so sad to leave them. Please let me know if you are interested! We will pay rent for february and will pay $100 each month to help lower the cost of utilities. The price is $435 plus utilities and parking. shoot me a DM if you’d like to take a look at our room!"
1237556634639223,2 Beds 2 Baths - Apartment,"Getting married in April, so I’m selling my apartment from the end of April through August (with the option to renew!). There are 2 beds available, each room is shared. It’s a 5-minute walk from BYU, in an amazing ward with the best roommates. The apartment is a great space with good parking and has a washer and dryer inside — which is such a plus. Message me if you’re interested or want more details!"
845743274903689,2 Beds 2 Baths - Apartment,"Shared Room Lease Takeover – $467/mo | University Place (Orem)

Looking for a male roommate to take over my lease in a 2 bed / 2 bath apartment at University Place. Shared room with 3 great roommates staying.
Rent is $467/month (+ ~$50–70 utilities). I’ll cover the first 2 months of rent.

Unfurnished room, but fully furnished common areas. Parking garage, gym, pool, hot tubs, in-unit laundry, pet friendly.
Perfect for students — right between BYU & UVU, next to Costco & the mall.
Lease goes until June 30. DM for details"
1563038708060139,3 Beds 2 Baths - Apartment,"One male spot in BYU contract housing, Glenwood Apartments. Available starting mid-April. I will pay for rent above $350. Contact me on Facebook Messenger for more details."
4403792213183817,2 habitaciones 1 baño - Casa,Se alquila cuarto para una persona. Disponibilidad inmediata. El precio incluye servicios y el uso de los electrodomésticos. Disponibilidades inmediata
2110887486317078,2 Beds 1 Bath - Apartment,"1 Bed 1 Bath - Apartment

243 E 500 N, Provo, UT [hidden information], United States

Selling my contract at Brittany apartments! Shared room but very spacious. Female apartment. The apartment has three other roommates, super close to BYU campus and very affordable. Available starting April 1st and the contract lasts until the end of August with the option to renew for the 2026-27 school year."
863042729661978,1 Bed 1 Bath - Apartment,"Women’s Private master bedroom - Available NOW! First months rent paid! 

330 W 1230 N, Provo, UT [hidden information], United States

I have a contract at Windsor Park available now!

Only moving out because of graduation. This apartment is BYU approved, an 8 minute walk from campus, located right next to Raising Cane’s.

You’ll have a fully furnished master bedroom with:

 • Private bathroom
 • Walk-in closet
 • Queen-size bed
 • Tons of space! 

Rent & Fees:
 • $630/month + utilities 
*Utilities usually come out to about $60/month total.

Apartment perks:
 • In-unit washer & dryer
 • High-speed internet
 • 2 assigned parking spots (always available since roommates don’t have cars!)

*video walk through on request!"
1267516681948251,2 Beds 1 Bath Apartment,"Enjoy living in a clean, quiet neighborhood surrounded by beautiful mountains on three sides. We'll rent as a single bedroom for $200 less, or as listed here as a 2-bedroom. To enter the second bedroom you must pass through the first. So fine for kids in the second room, but maybe not ideal for roommates.

We’re located right across the street from a historic park and within easy walking distance of Alpine Elementary, which offers a well‑regarded Chinese immersion program. The apartment includes blazing‑fast internet—perfect for Netflix and other streaming services (we’ll setup the secure network for you).

Rent is $1190 per month, with all utilities included for an additional $100 ($1,290 total).

While I wish I could make exceptions, I’m unable to rent to tenants with poor credit. I've learned from experience—after dozens of rentals—that people with poor credit often don't treat me well. (I really do wish that weren’t the case!)

No pets. No smoking. 

Photos may show some decorative items (like shower curtains, doormats, etc.) that aren’t included—they’re just examples of how you might personalize the space.

This rental runs for 13 or 14 months so that next time I rent in April or May. After that, renewal for a full year—or possibly month‑to‑month. We want rent by 3/15/26, so if you're looking a few months in advance, it might not be a good fit for us."
1426842088373646,2 Beds 1 Bath - Townhouse,"Townhouse for rent! Lease available beginning of April. Opportunity to renew in August.

$1300/month

Married housing

2 bed room 1 bath + laundry room with washer and dryer

Close to the Utah Valley Hospital, Provo Rec., and Provo River Trail. 

1 covered parking spot and 1 uncovered spot"
906456842283793,4 Beds 2 Baths - Apartment,"4 Beds 2 Baths - Apartment

I’m selling my private room contract for spring/summer and is renewable for fall! 🏠 

- Private room
- Shared bathroom with 1 roommate 
- In unit washer and dryer
- Underground parking. With Y lot right next to us so if you have visitors it is super easy to park :)) 
- Cute apartment 
- Cutie roommates 
- Super close to BYU south campus (literally the closest you can get) 
- $605 a month + utilities 
- The apt is called Campus View North 
- The ward is awesome!! Like for reals

My other roommate is selling her contract as well so if you wanna move in with a friend you totally can! 👀 

Message me if you have any questions!!"
1251038573823750,1 Bed 1 Bath - Apartment,"1 Bed 1 Bath - Apartment

375 W 1720 N, Provo, UT 84604-6419, United States

I’m selling my contract at the Branbury (375 W 1720 N Provo UT 84604) and it’s available as soon as someone wants it (preferably March 1st but if you’d like to move in earlier february is already paid for so you can just move your stuff over). It’s 490 a month + utilities so I usually end up paying around 530. It’s a two bedroom two bathroom with 4 girls total but me and my roommate are both leaving so there’s a room with two beds available. It’s right next to BYU and UVU and it’s a super social and fun place to be with a pool, gym, volleyball court, pickleball court, basketball court, and more! message me if you’re interested!"
1377340443696531,1 Bed 1 Bath Apartment,"RENEWABLE FOR FALL!!
**Subleasing for the summer, but would be willing to negotiate a date before then!

This is a great apartment that would be perfect for someone moving to Provo for work/school/just for the social scene in the summer. Super close to the Provo library! The price listed is the total including utilities. This is my 3rd apartment in Provo and it's been my favorite by far. I am only looking to sublease because I will be spending the summer at home because my brother is leaving on a mission and I am working full-time there as well.

More info:
- Sharing with 3 other males
- HUGE underground parking lot (I have never not found a space during my time here)
- Top floor apartment (no upstairs neighbors)
- TONS of storage space (shelves, drawers, good size closet)
- In-unit laundry
- Great roommates (been friends with them for several years)
- Built-in desk in the room
- New flooring, countertops, and brand new couches
- Large kitchen
- UVX station right in front of the complex
- Super great people in the ward

Let me know if you're interested!"
